MPCSCKKYCDPWEVIDGSCGLFNSKYICCREK,AP00149,http://aps.unmc.edu/AP/database/query_output.php?ID=00149,"1EWS, Rabbit kidney defensin 1 (RK-1, animals; UCSS1a; 3S=S)"
MRILYLLFSVLFLVLQVSPGLSLPQRDMFLCRIGSCHFGRCPIHLVRVGSCFGFRSCCKSPWDV,AP00198,http://aps.unmc.edu/AP/database/query_output.php?ID=00198,"Ref, Apl_AvBD-2 (A. platyrhynchos avian beta-defensin-2, UCSS1a; ducks, birds, animals; 3S=S)"
MFFSSKKCKTVSKTFRGPCVRNA,AP00290,http://aps.unmc.edu/AP/database/query_output.php?ID=00290,"P81569, So-D4 (S. oleracea defensin 4; UCSS1a; spinach, plants)"
MFFSSKKCKTVSKTFRGPCVRNAN,AP00291,http://aps.unmc.edu/AP/database/query_output.php?ID=00291,"P81568, So-D5 (S. oleracea defensin 5; UCSS1a; spinach, plants)"
MTPFWRGVSLRPVGASCRDNSECITMLCRKNRCFLRTASE,AP00745,http://aps.unmc.edu/AP/database/query_output.php?ID=00745,"Ref, Chicken LEAP-2 (cLEAP-2, GgLEAP2; CjLEAP-2; birds, animals; BBMm)"
MHDFWVLWVLLEYIYNSACSVLSATSSVSSRVLNRSLQVKVVKITN,AP00765,http://aps.unmc.edu/AP/database/query_output.php?ID=00765,"Ref, Human salvic ( primates, mammals, animals)"
MTPFWRGVSLRPIGASCRDDSECITRLCRKRRCSLSVAQE,AP00811,http://aps.unmc.edu/AP/database/query_output.php?ID=00811,"2L1Q, LEAP-2 (human liver Expressed Antimicrobial Peptide-2, 2S=S; UCSS1a; Human; primates, mammals, animals)"
MAKEFGIPAAVAGTVINVVEAGGWVTTIVSILTAVGSGGLSLLAAAGRESIKAYLKKEIKKKGKRAVIAW,AP00929,http://aps.unmc.edu/AP/database/query_output.php?ID=00929,"1E68, Enterocin AS-48 (AS48, class 2c circular bacteriocin, Gram-positive bacteria, prokaryotes; XXC; UCBB1a; BBBh2o; Natural variants: enterocin 4, bacteriocin 21, bacteriocin-21, Bac-21; enterococcin EFS2"
MSWLNFLKYIAKYGKKAVSAAWKYKGKVLEWLNVGPTLEWVWQKLKKIAGL,AP01131,http://aps.unmc.edu/AP/database/query_output.php?ID=01131,"2N8O, Aureocin A53 (AucA, class 2 bacteriocin; Gram-positive bacteria, prokaryotes; XXI; BBMm)"
MINRTDCNENSYLEIHNNEGRDTLCFANAGTMPVAIYGVNWVESGNNVVTLQFQRNLSDPRLETITLQKWGSWNPGHIHEILSIRIY,AP01165,http://aps.unmc.edu/AP/database/query_output.php?ID=01165,"1G6E, AFP1 (BBS, UCSS1a; 1S=S, bacteriocin; Gram-positive bacteria, prokaryotes; JJsn)"
MNFLKNGIAKWMTGAELQAYKKKYGCLPWEKISC,AP01187,http://aps.unmc.edu/AP/database/query_output.php?ID=01187,"Ref, Enterocin Q (EntQ, XXF; class 2d bacteriocins; Gram-positive bacteria, prokaryotes)"
MLAKIKAMIKKFPNPYTLAAKLTTYEINWYKQQYGRYPWERPVA,AP01188,http://aps.unmc.edu/AP/database/query_output.php?ID=01188,"Ref, Enterocin EJ97 (EntEJ97, class 2d bacteriocins; leaderless, i.e. no signal peptide, Gram-positive bacteria, prokaryotes)"
MGAIAKLVAKFGWPIVKKYYKQIMQFIGEGWAINKIIEWIKKHI,AP01190,http://aps.unmc.edu/AP/database/query_output.php?ID=01190,"Ref, Enterocin L50 (old name: pediocin L50, EntL50A, Ent62-6A; a two-chain class 2b bacteriocin, UCLL2; Gram-positive bacteria, prokaryotes. The sequence of EntL50B/Ent62-6B is provided in Info; XXI)"
MGAIAKLVAKFGWPIVKKYYKQIMQFIGEGWAINKIIDWIKKHI,AP01191,http://aps.unmc.edu/AP/database/query_output.php?ID=01191,"2m5z, MR10A (Enterocin 7A; Ent7A; XXI; class 2d bacteriocin, Gram-positive bacteria, prokaryotes)"
MRTGNAD,AP01226,http://aps.unmc.edu/AP/database/query_output.php?ID=01226,"Ref, Microcin C7 (MccC7, MccC, microcin C51, MccC51, class 1 microcins, bacteriocins, Gram-negative bacteria, prokaryotes. Others: MccA; XXamp; BBPe, WXS)"
MNLNGLPASTNVIDLRGKDMGTYIDANGACWAPDTPSIIMYPGGSGPSYSMSSSTSSANSGS,AP01232,http://aps.unmc.edu/AP/database/query_output.php?ID=01232,"Ref, Microcin I47 (MccI47, class 2b microcins, bacteriocins, Gram-negative bacteria, prokaryotes; XXB)"
MRKEFHNVLSSGQLLADKRPARDYNRK,AP01283,http://aps.unmc.edu/AP/database/query_output.php?ID=01283,"Ref, Pep27 (bacteriocin; Gram-positive bacteria, prokaryotes; Derivatives)"
MTPLWRIMGTKPHGAYCQNHYECSTGICRKGHCSYSQPINS,AP01646,http://aps.unmc.edu/AP/database/query_output.php?ID=01646,"Ref, gcLEAP-2 (grass carp liver-expressed antimicrobial peptide-2; fish, animals)"
MKTFSVAVAVAIVLAFICTQESSALPVTGVEELVELVSSDDPVADHQELPVELGERLFNIRKKRASPKCTPYCYPTRDGVFCGVRCDF,AP01701,http://aps.unmc.edu/AP/database/query_output.php?ID=01701,"Ref, EC-hepcidin1 (E. coioides hepcidin 1; UCSS1a; 4S=S, fish, animals)"
MKTFSVAVAVAVVLAFICTQESSALPVTGIEELVEPVSSDNNDNHQGLPVELRERLVNIRKKRAPTDCIPYCYPTGDGFHCGVTCRF,AP01702,http://aps.unmc.edu/AP/database/query_output.php?ID=01702,"Ref, EC-hepcidin2 (E. coioides hepcidin 2; UCSS1a; ?S=S, fish, animals)"
MLCKLSMFGAVLGVPACAIDCLPMGKTGGSCEGGVCGCRKLTFKILWDKKFG,AP01973,http://aps.unmc.edu/AP/database/query_output.php?ID=01973,"Ref, Oh-defensin (O. hainana defensin; spiders, arachnids, Chelicerata, arthropods, invertebrates, animals; 3S=S, UCSS1a)"
MQIFVKTLTGKTITLEVEPSDTIENVKAKIQDKEGIPPDQQRLIFAGKQLEDGRTLSDYNIQKESTLHLVLRLR,AP02030,http://aps.unmc.edu/AP/database/query_output.php?ID=02030,"Ref, cgUbiquitin (oyster, mollusca/molluscs/mollusks, invertebrates, animals)"
MSNTQAERSIIGMIDMFHKYTRRDDKIDKPSLLTMMKENFPNFLSACDKKGTNYLADVFEKKDKNEDKKIDFSEFLSLLGDIATDYHKQSHGAAPCSGGSQ,AP02072,http://aps.unmc.edu/AP/database/query_output.php?ID=02072,"2WND, Psoriasin (S100A7; metal-binding protein, BBII; humans; primates, mammals, animals)"
MAKEFGIPAAVAGTVINVVVAGGWVTTIVSILTAVGSGGLSLLAAAGRESIKAYLKKEIKKKGKRAVIAW,AP02074,http://aps.unmc.edu/AP/database/query_output.php?ID=02074,"Ref, Enterocin AS-48RJ (class 2c circular bacteriocin, Gram-positive bacteria, prokaryotes; XXC, UCBB1a)"
MQFITDLIKKAVDFFKGLFGNK,AP02104,http://aps.unmc.edu/AP/database/query_output.php?ID=02104,"Ref, Warnericin RK (bacteriocin; hemolysins; Gram-positive bacteria, prokaryotes; BBMm)"
MAADIISTIGDLVKLIINTVKKFQK,AP02105,http://aps.unmc.edu/AP/database/query_output.php?ID=02105,"Ref, delta-lysin I (bacteriocins; hemolysins; Gram-positive bacteria, prokaryotes)"
MASYKVNIPAGPLWSNAEAQQVGPKIAAAHQGNFTGQWTTVVESAMSVVEVELQVENTGIHEFKTDVLAGPLWSNDEAQKLGPQIAASYGAEFTGQWRTIVEGVMSVIQIKYTF,AP02132,http://aps.unmc.edu/AP/database/query_output.php?ID=02132,"1ZHS, Microcystis viridis lectin (MVL; bacteria, prokaryotes; BBS)"
MQLSTIFCFAVLIACARAQVFVKPGHKDEDLAWMRSMGKGHVFGTLGSTDGSLIGKLGYKQNIYNDQRGNLGGTAYGSRVINEYGGTSSFGGKLDWKNANDNARASLDVHKQVGGSSGMTLTGDGVWKLDSKTRLVAGGNLDKTFGYSKPELGIQAKIEHDFK,AP02156,http://aps.unmc.edu/AP/database/query_output.php?ID=02156,"Ref, TnGlv1 (gloverins; insects, arthropods, invertebrates, animals)"
MQSSILLIFAAFVACTYAQVSLPPGYAQKYPQYKYSKVARHPRDTTWEHNVGRGKIFGTLGSNDDSVFGRGGYKQDIFNDHRGRLSGQAYGSRVINDYGGSSILGGKLDWSNDNARAALDVHKEIGRGSGMKLSGDGVWKLDHNTRFSAGGNLQKNFGHNRPEFGIQGKIEHDF,AP02157,http://aps.unmc.edu/AP/database/query_output.php?ID=02157,"Ref, TnGlv2 (gloverins; insects, arthropods, invertebrates, animals)"
MQQRGLAIVALAVCAALHASEAILPIASSCCTEVSHHISRRLLERVNMCRIQRADGDCDLAAVILHVKRRRICVSPHNHTVKQWMKVQAAKKNGKGNVCHRKKHHGKRNSNRAHQGKHETYGHKTPY,AP02186,http://aps.unmc.edu/AP/database/query_output.php?ID=02186,"Ref, CCL28 (MEC; SCYA28; CCK1; kinocidins; human, primates, mammals, animals)"
MVFAYAPTCARCKSIGARYCGYGYLNRKGVSCDGQTTINSCEDCKRKFGRCSDGFITECFL,AP02205,http://aps.unmc.edu/AP/database/query_output.php?ID=02205,"Ref, Gambicin (insects, arthropods, invertebrates, animals; 4S=S)"
MAKEFGIPAAVAGTVLNVVEAGGWVTTIVSILTAVGSGGLSLLAAAGRESIKAYLKKEIKKKGKRAVIAW,AP02246,http://aps.unmc.edu/AP/database/query_output.php?ID=02246,"Ref, Enterocin RM6 (a variant of AS-48, class 2c circular bacteriocin, Gram-positive bacteria; prokaryotes; XXC, UCBB1a)"
MAGFLKVVQLLAKYGSKAVQWAWANKGKILDWLNAGQAIDWVVSKIKQILGIK,AP02247,http://aps.unmc.edu/AP/database/query_output.php?ID=02247,"2N8P, Lacticin Q (LnqQ, class 2d bacteriocin, Gram-positive bacteria; prokaryotes; XXI)"
MKTILRFVAGYDIASHKKKTGGYPWERGKA,AP02250,http://aps.unmc.edu/AP/database/query_output.php?ID=02250,"2LMU, LsbB (class 2d bacteriocin, Gram-positive bacteria; prokaryotes; XXF)"
MWGRILAFVAKYGTKAVQWAWKNKWFLLSLGEAVFDYIRSIWGG,AP02251,http://aps.unmc.edu/AP/database/query_output.php?ID=02251,"Ref, Mutacin BHT-B (class 2d bacteriocin, Gram-positive bacteria; prokaryotes; XXI. More AMPs? Mutacin BHA-A, seq?)"
MGAIAKLVAKFGWPFIKKFYKQIMQFIGQGWTIDQIEKWLKRH,AP02253,http://aps.unmc.edu/AP/database/query_output.php?ID=02253,"2m60, Enterocin 7B (MR10B, Ent7B; class 2d bacteriocin, Gram-positive bacteria, prokaryotes; XXI)"
MLWSASMRIFASAFSTRGLGTRMLMYCSLPSRCWRK,AP02322,http://aps.unmc.edu/AP/database/query_output.php?ID=02322,"Ref, MMGP1 (marine species; BBS)"
MVALLKSLERRRLMITISTMLQFGLFLIALIGLVIKLIELSNKK,AP02360,http://aps.unmc.edu/AP/database/query_output.php?ID=02360,"Ref, PepG1 long (Gram-positive bacteria, prokaryotes)"
MITISTMLQFGLFLIALIGLVIKLIELSNKK,AP02361,http://aps.unmc.edu/AP/database/query_output.php?ID=02361,"Ref, PepG1 short (Gram-positive bacteria, prokaryotes)"
MKFFTLLAALMALFAICNNFSMVSASRDSRPVQPRVQPPPPPPKQKPSIYDTPIRRPGGQKTMYA,AP02417,http://aps.unmc.edu/AP/database/query_output.php?ID=02417,"Ref, MDAP-2 (insects, arthropods, invertebrates, animals)"
MDSFQKIEKIGEGTYGVVYKAKDKVSGRLVALKKIRLENESEGVPSTA,AP02453,http://aps.unmc.edu/AP/database/query_output.php?ID=02453,"Ref, Scolopendin 1 (myriapods, arthropods, invertebrates, animals; XXA)"
MTPLWRIMNSKPFGAYCQNNYECSTGLCRAGHCSTSHRATSETVNY,AP02480,http://aps.unmc.edu/AP/database/query_output.php?ID=02480,"Ref, miiuy croaker LEAP-2 (liver-expressed antimicrobial peptide 2, 2S=S, fish, animals; UCSS1a)"
MFAMKTKAALAIWCPGYSETQINATQAMKKRRKRKVTTNKCLEQVSQLQGLWRRFNRPLLKQQ,AP02519,http://aps.unmc.edu/AP/database/query_output.php?ID=02519,"Ref, sfTSLP (short form Thymic stromal lymphopoietin, isoform 2, cytokine, human, primates, mammals, animals; Other fragments: MKK34)"
MTPLWRVMGNKPFGAYCQDHVECSTGICKGGHCITSQPIKS,AP02521,http://aps.unmc.edu/AP/database/query_output.php?ID=02521,"Ref, PaLEAP-2 (P. altivelis liver-expressed antimicrobial peptide 2; fish, animals; 2S=S; UCSS1a)"
MWITNGGVANWYFVLAR,AP02595,http://aps.unmc.edu/AP/database/query_output.php?ID=02595,"Ref, CcAMP1 (insects, arthropods, invertebrates, animals)"
MGPVNEANCKAAMEIVCRREFGHKEEEDASEGVTTGDPDCPFTKAIPREEYANKYGPTIGDKIRLGDTDLIAEIEKDFALYGDESVFGGGKVI,AP02628,http://aps.unmc.edu/AP/database/query_output.php?ID=02628,"Ref, Jaburetox-2Ec (jbtx; a fragment of canatoxin, a urease isoform; plants; pepcanatox; UCLL1a)"
MKTFLRLYRSLINKVLHV,AP02703,http://aps.unmc.edu/AP/database/query_output.php?ID=02703,"Ref, ISGCock_Contig05_0593 (insects, arthropods, invertebrates, animals, UCLL1)"
MNSSSVLFVCILGACSVWTVHGRNLKVNDDDQEGAELDISVEARKLPGLCWVCKWSLNKVKKLLGRNTTAESVKEKLMRVCNEIGLLKSLCKKFVKGHLGELIEELTTSDDVRTICVNLKACKPKELSELDFESDEDAHTEMNDLLFE,AP02712,http://aps.unmc.edu/AP/database/query_output.php?ID=02712,"Ref, Lc-NK-lysin (fish, animals, 4S=S, UCSS1)"
MRVLLLLVSLAAVGNAYNAKVPIQTLPERLDNFPGRGPSFTRPAVVGVQTLPGRVPPQTFPGVIGVGTKPLISPPRPGFTGSTRPFQRPGQYSFTRSNCWARCPGYPNGDSLCCRQYGACCSTSYPVPYKG,AP02723,http://aps.unmc.edu/AP/database/query_output.php?ID=02723,"Ref, SpHyastatin (Crustaceans, arthropods, invertebrates, animals)"
MGYGDIMKVDTSGASMKTAGQDRLTYAGVAASNTMAQTDLGRMNNYKAIIQRVGGKKDVDPAIIAGIISRESRAGNVLVNGWGDNGNAWGLMQVDKRYHTPQGGWNSEEHLSQGTDIISFIKQVQGKFPSWTAEQQLKGGIAAYNIGLGGVQTYERMDVGTTGDDYSSDVVARAQWYKSQGGF,AP02743,http://aps.unmc.edu/AP/database/query_output.php?ID=02743,"Ref, ShLysG (G-type lysozyme, fish; anaimals; UCLL1)"
MAGLLRFLLSKGRALYNWAKSHVGKVWEWLKSGATYEQIKEWIENALGWR,AP02802,http://aps.unmc.edu/AP/database/query_output.php?ID=02802,"Ref, BacSP222 (bacteriocin; Gram-positive bacteria, prokaryote; XXI; UCLL1)"
MSGRGKGGKVKGKSKSRSSRAGLQFPVGRIHRLLRKGNYAERVGAGAPVYLAAVMEYLAAEVLELAGNAARDNKKTRIVPRHLQLAIRNDEELNKLLSGVTIAQGGVLPNIQAVLLPKKTEKK,AP02804,http://aps.unmc.edu/AP/database/query_output.php?ID=02804,"Ref, Histone H2A (shrimp, Crustaceans, arthropods, invertebrates, animals; UCLL1, more AMPs?)"
MSGRGKGGKGLGKGGAKRHRKVLRDNIQGITKPAIRRLARRGGVKRISGLIYEETRGVLKVFLENVIRDAVTYTEHAKRKTVTAMDVVYALKRQGRTLYGFGG,AP02807,http://aps.unmc.edu/AP/database/query_output.php?ID=02807,"Ref, Histone H4 (mollusca/molluscs/mollusks, invertebrates, animals; UCLL1)"
MPEPAKSAPAPKKGSKKAVTKAQKKDGKKRKRSRKESYSVYVYKVLKQVHPDTGISSKAMGIMNSFVNDIFERIAGEASRLAHYNKRSTITSREIQTAVRLLLPGELAKHAVSEGTKAVTKYTSSK,AP02808,http://aps.unmc.edu/AP/database/query_output.php?ID=02808,"Ref, Histone H2B (mammals, animals; UCLL1)"
MARTKQTARKSTGGKAPRKQLATKAARKSAPATGGVKKPHRYRPGTVALREIRRYQKSTELLIRKLPFQRLVREIAQDFKTDLRFQSSAVMALQEACEAYLVGLFEDTNLCAIHAKRVTIMPKDIQLARRIRGERA,AP02809,http://aps.unmc.edu/AP/database/query_output.php?ID=02809,"Ref, Histone H3 (mammals, animals; UCLL1)"
MSGRGKGGKGLGKGGAKRHRKVLRDNIQGITKPAIRRLARRGGVKRISGLIYEETRGVLKIFLENVIRDAVTYTEHARRKTVTAMDVVYALKRQGRTLYGFGG,AP02810,http://aps.unmc.edu/AP/database/query_output.php?ID=02810,"Ref, Histone H4 (mammals, animals; UCLL1)"
MAGGKAGKDSGKAKAKAVSRSARAGLQFPVGRIHRHLK,AP02814,http://aps.unmc.edu/AP/database/query_output.php?ID=02814,"Ref, Sphistin (histone-derived, Crustaceans, arthropods, invertebrates, animals)"
MAAFMKLIQFLATKGQKYVSLAWKHKGTILKWINAGQSFEWIYKQIKKLWA,AP02816,http://aps.unmc.edu/AP/database/query_output.php?ID=02816,"Ref, Epidermicin NI01 (bacteriocin; Gram-positive bacteria, prokaryote; XXI; UCLL1)"
MAGFLKVVQILAKYGSKAVQWAWANKGKILDWINAGQAIDWVVEKIKQILG,AP02817,http://aps.unmc.edu/AP/database/query_output.php?ID=02817,"Ref, Lacticin Z (bacteriocin; Gram-positive bacteria, prokaryote; XXI; UCLL1)"
MDVFMKGLSKAKEGVVAAAEKTKQGVAEAAGKTKEGVLYVGSKTKEGVVHGVATVAEKTKEQVTNVGGAVVTGVTAVAQKTVEGAGSIAAATGFVKKDQLGKNEEGAPQEGILEDMPVDPDNEAYEMPSEEGYQDYEPEA,AP02851,http://aps.unmc.edu/AP/database/query_output.php?ID=02851,"2KKW, Human alpha-synuclein (animals; UCLL1a)"
